particularfocus,particular focus
minfulness,mindfulness
boundariesanxieties,boundaries anxieties
programme,program
behaviour,behavior
counseling,therapy
psychotherapy,therapy
psychotherapies,therapies
posttreatment,post treatment
posttest,post test
pretest,pre test
mo,month
wk,week
hr,hour
emotio,emotional
conceptualisation,concept
moslem,muslim
islamic,muslim
kosovar,kosovo
psychologistsmean,psychologist mean
absence,absent
abused,abuse
abuser,abuse
acceptability,accept
acceptable,accept
acceptance,accept
accepted,accept
accessibility,access
accessible,access
accommodation,accommodate
acculturation,acculturate
acculturative,acculturate
achievement,achieve
acknowledgement,acknowledge
adaptation,adapt
adaptive,adapt
added,add
addendum,add
addition,add
additional,add
adherence,adhere
adjustment,adjust
administrative,administration
adolescence,adolescent
adoption,adopt
advanced,advance
advancement,advance
advocate,advocacy
affiliative,affiliation
affirmative,affirm
afghan,afghanistan
afghani,afghanistan
african,africa
africentric,africa
aggression,aggressive
agreement,agree
alcoholic,alcohol
american,america
analyse,analysis
analyzable,analysis
angry,anger
applicability,applicable
appreciation,appreciate
appropriateness,appropriate
argument,argue
arouse,arousal
arrangement,arrange
asian,asia
assertive,assert
assertiveness,assert
assessment,assess
assignment,assign
attainment,attain
attendance,attend
attentive,attention
attributable,attribute
attribution,attribute
authoritative,authority
autistic,autism
availability,available
avoidance,avoid
awareness,aware
beginning,begin
behave,behavior
behavioral,behavior
behaviour,behavior
behavioural,behavior
beneficial,benefit
bereavement,bereave
biculturation,bicultural
bilingualism,bilingual
biweekly,week
blindness,blind
bodily,body
brazilian,brazil
british,england
broaden,broad
cambodian,cambodia
canadian,canada
capability,capable
caregiving,caregiver
caretaker,caregiver
catalytic,catalyst
categorization,category
categorize,category
causal,cause
causation,cause
challenging,challenge
changing,change
characteristic,character
characterize,character
childhood,child
children,child
choose,choice
clinical,clinic
clinician,clinic
cognitive,cognition
cohesive,cohesion
cohesiveness,cohesion
collaboration,collaborate
collaborative,collaborate
collectivistic,collection
collective,collection
combination,combine
combined,combine
commitment,commit
commonality,common
communication,communicate
communicative,communicate
comparable,compare
comparison,compare
competence,competent
competency,competent
complementary,complement
completion,complete
composition,compose
comprehension,comprehend
conception,concept
conceptual,concept
conceptualisation,concept
concerned,concern
conductor,conduct
confident,confidence
confirmatory,confirm
conformity,conform
confrontation,confront
confrontative,confront
connectedness,connect
connection,connect
consideration,consider
constituency,consist
constitute,consist
constraint,constrain
construction,construct
constructionism,construct
constructionist,construct
consultation,consult
contextual,context
contextualism,context
contextualize,context
continuation,continue
continued,continue
continuity,continue
continuous,continue
controlled,control
controlling,control
conversational,conversation
coper,cope
coping,cope
correction,correct
correlation,correlate
correlational,correlate
corresponding,correspond
counsel,counselor
counsellor,counselor
covered,cover
creativity,create
creation,create
criticality,critical
croatian,croatia
crossing,cross
cultural,culture
decision,decide
deepen,deep
defend,defense
defensive,defense
definition,define
delinquency,delinquent
delivery,deliver
demonstration,demonstrate
dependence,depend
dependency,depend
depressed,depression
depressive,depression
descriptive,description
designer,design
desirability,desire
desirable,desire
detailed,detail
determination,determine
developed,develop
development,develop
developmental,develop
diagnose,diagnosis
diagnostic,diagnosis
dialogic,dialogue
difference,differ
different,differ
differential,differ
difficulty,difficult
directionality,direction
disabled,disability
disablist,disability
disclosure,disclose
discussion,discuss
distinction,distinct
distressed,distress
disturbance,disturb
disturbed,disturb
diverse,diversity
diversification,diversity
doctoral,doctor
dominance,dominate
dominant,dominate
dramatherapy,drama
dramatics,drama
drawing,draw
drinking,drink
earlier,early
educate,education
educated,education
educational,education
educator,education
effectiveness,effective
efficacious,effective
efficacy,effective
egyptian,egypt
elevated,elevate
emergent,emerge
emigration,emigrate
emotional,emotion
empathic,empathy
emphasize,emphasis
empowerment,empower
encouraging,encourage
engagement,engage
enhanced,enhance
enviornment,environment
environmental,environment
equality,equal
equivalence,equal
estimated,estimate
estimation,estimate
english,england
ethiopian,ethiopia
ethnic,ethnicity
ethnocentrism,ethnicity
ethnocultural,ethnicity
ethnopolitical,ethnicity politics
ethnotherapy,ethnicity
euro,europe
eurocentric,europe
european,europe
evocation,evoke
evolve,evolution
excitation,excitement
existence,exist
existent,exist
existential,exist
existing,exist
expectancy,expect
expectation,expect
experienced,experience
experiential,experience
experimental,experiment
experimentation,experiment
explanation,explain
explanatory,explain
exploration,explore
exploratory,explore
exposed,expose
exposure,expose
expression,express
expressive,express
extended,extend
extension,extend
facilitation,facilitate
facilitator,facilitate
familial,family
familiarity,familiarity
favour,favor
fearful,fear
feasibility,feasible
feeling,feel
feminine,female
femininity,female
feminism,female
flexibility,flexible
focal,focus
focused,focus
foundational,foundation
framework,frame
framing,frame
french,france
friendship,friend
functional,function
functioning,function
gendered,gender
gendering,gender
generalize,general
german,germany
germanic,germany
globalize,global
grieve,grief
grouping,group
groupism,group
growth,grow
guidance,guide
guideline,guide
guiding,guide
healing,heal
health,health
hesitancy,hesitant
heterogeneous,heterogeneity
hidden,hide
historic,history
historical,history
homeland,home land
hopeful,hope
hopelessness,hope
hospitalization,hospital
identification,identity
identify,identity
identitiy,identity
illness,ill
illustration,illustrate
imagery,image
imaginary,imagine
imaginative,imagine
imaging,image
immigrate,immigrant
immigration,immigrant
impaired,impair
impairment,impair
implication,implicate
importance,important
improvement,improve
incidence,incident
included,include
inclusion,include
incorporating,incorporate
incorporation,incorporate
independent,independence
indian,india
indication,indicate
indicative,indicate
indicator,indicate
individualistic,individual
individualize,individual
individuation,individual
indochinese,india china
industrialized,industry
inform,information
informed,information
initial,initiate
initiate,initiate
initiation,initiate
institution,institute
institutional,institute
instructional,instruction
instrumental,instrument
integral,integrate
integrated,integrate
integration,integrate
integrative,integrate
intensify,intense
intensity,intense
intensive,intense
interaction,interact
interactional,interact
interactive,interact
interested,interest
interesting,interest
internality,internal
internalization,internal
internalize,internal
interpretation,interpret
interpretative,interpret
interpreter,interpret
interpretive,interpret
interviewer,interview
intimate,intimacy
introduction,introduce
intrusion,intrude
investigation,investigate
investigator,investigate
involvement,involve
iranian,iran
israeli,israel
italian,italy
japanese,japan
jew,jewish
journaling,journal
knowledge,know
knowledgeable,know
known,know
lasting,last
latina,latin
latino,latin
leader,lead
leadership,lead
learning,learn
lessen,less
likelihood,likely
limitation,limit
limited,limit
linear,line
living,live
maintenance,maintain
management,manage
manifestation,manifest
mannerism,manner
manualized,manual
marginality,marginal
marginalization,marginal
masculinity,masculine
maturity,mature
meaningful,meaning
meaningfulness,meaning
mediation,mediate
meeting,meet
memorable,memory
merged,merge
merger,merge
methodological,method
methodology,method
mexican,mexico
microaggression,micro aggression
midlife,mid life
migrate,migrant
migration,migrant
mindfulness,mindful
minimal,minimum
missing,miss
misunderstanding,misunderstand
mixed,mix
mixture,mix
modal,mode
modality,mode
moderation,moderate
moderator,moderate
modification,modify
modified,modify
monthly,month
motivation,motivate
mourning,mourn
movement,move
multiculturalism,multicultural
multivariable,multivariate
mutuality,mutual
narration,narrate
narrative,narrate
narrator,narrate
national,nation
nationwide,nation
naturalistic,natural
necessitate,necessary
necessity,necessary
negotiation,negotiate
networking,network
northern,north
nurturance,nurture
observable,observe
observation,observe
occupational,occupation
offender,offend
operational,operate
operationalize,operate
operative,operate
oppression,oppress
oppressive,oppress
optimal,optimum
optional,option
organization,organize
orientation,orient
oriented,orient
original,origin
originality,origin
originate,origin
orphanage,orphan
paranoid,paranoia
parental,parent
participation,participate
partnership,partner
passivity,passive
pathologist,pathology
patterning,pattern
performance,perform
permanency,permanent
permissive,permission
perpetrator,perpetuate
persecution,persecute
persecutory,persecute
persistent,persist
personal,person
phenomenological,phenomenon
phenomenology,phenomenon
piecewise,piece
planful,plan
planfulness,plan
planning,plan
poetry,poem
positioning,position
possession,possess
possibility,possible
powerful,power
powerlessness,power
practise,practice
practitioner,practice
prayer,pray
prediction,predict
predictive,predict
predictor,predict
predisposition,predispose
preference,prefer
preferred,prefer
preparation,prepare
preparedness,prepare
prevalent,prevalence
preventative,prevent
prevention,prevent
preventive,prevent
primacy,primary
private,privacy
privileged,privilege
probationary,probation
problematic,problem
processing,process
production,produce
productive,produce
professional,profession
professionalism,profession
programming,program
projective,projection
prolonged,prolong
promising,promise
promotion,promote
proposal,propose
prospective,prospect
protective,protection
provider,provide
psychiatric,psychiatry
psychiatrist,psychiatry
psychologic,psychology
psychological,psychology
psychologist,psychology
psychotic,psychosis
psychotherapeutic,psychotherapy
psychotherapist,psychotherapy
psychoticism,psychosis
psychotraumatized,psychotrauma
psychotraumatology,psychotrauma
questionnaire,question
racial,race
racialized,race
racism,race
racist,race
randomize,random
ranking,rank
reader,read
reading,read
rebuilding,rebuild
recognition,recognize
recommendation,recommend
recommended,recommend
recorded,record
recording,record
recovery,recover
recruitment,recruit
reducible,reduce
reduction,reduce
reference,refer
referral,refer
reflection,reflect
reflective,reflect
regional,region
registry,register
regressional,regression
regularity,regular
reinforcement,reinforce
related,relate
relation,relate
relational,relate
relationship
relativity,relate
reliability,reliable
religious,religion
reported,report
reporting,report
representation,represent
required,require
requirement,require
resettlement,resettle
reside,resident
residential,resident
resistance,resist
resolve,resolution
respond,response
respondent,response
responsive,response
responsiveness,response
responsivity,response
restoration,restore
restructuring,restructure
reversal,reverse
revision,revise
rican,puerto rico
rigidify,rigid
safety,safe
satisfaction,satisfy
schizophrenic,schizophrenia
scholarly,scholar
scholarship,scholar
scientific,science
scientist,science
screening,screen
sectional,section
seeker,seek
selected,select
selection,select
sensitivity,sensitive
sensitizer,sensitive
separated,separate
separation,separate
severity,severe
sexed,sex
sexual,sex
sexuality,sex
shared,share
shooting,shoot
silent,silence
similarity,similar
simplication,simple
situational,situation
skilled,skill
skillful,skill
socialization,social
societal,society
sociocultural,society culture
socioeconomic,society economy
sociological,society
sociopolitical,society politics
solution,solve
somali,somalia
southeast,south east
soviet,russia
speaking,speak
specialized,specialist
specificity,specific
spirituality,spiritual
splitting,split
spontaneous,spontaneity
stability,stable
stabilization,stable
stabilize,stable
standardized,standard
statistical,statistic
stereotypical,stereotype
stigmatization,stigma
stigmatize,stigma
stimulation,stimulate
stimulator,stimulate
stimulus,stimulate
storytelling,story
strengthen,strength
strengthening,strength
stressful,stress
stressor,stress
structured,structure
subgrouping,subgroup
subjectivity,subjective
succeed,success
successful,success
suffering,suffer
sufficiency,sufficient
suggestion,suggest
supervisee,supervise
supervision,supervise
supervisor,supervise
supportive,support
surgical,surgery
survivor,survive
sustainability,sustain
sustainable,sustain
swiss,switzerland
symbolic,symbol
symbolize,symbol
symptomatology,symptom
syrian,sryia
systematic,system
systemic,system
taiwanese,taiwan
targeted,target
teacher,teach
teaching,teach
termination,terminate
testing,test
thematic,theme
theoretical,theory
therapuetic,therapeutic
thinking,think
thought,think
threaten,threat
threatened,threat
traditional,tradition
trained,train
trainee,train
training,train
transcendence,transcend
transcribe,transcript
transcription,transcript
transferential,transference
transformational,transformation
transitional,transition
transsexual,transgender
traumatic,trauma
traumatization,trauma
traumatize,trauma
troubled,trouble
turkish,turkey
tutorial,tutor
uncertainty,uncertain
underserv,underserve
understanding,understand
unemployment,unemployed
unite,unity
united,unity
universality,universal
usefulness,useful
ussr,russia
validate,validity
validation,validity
variability,variable
variance,variable
variation,variant
varied,variant
variety,variant
vary,variant
viability,viable
victimization,victim
videotaped,video
vietnamese,vietnam
violation,violate
violent,violence
visual,vision
voluntary,volunteer
vulnerability,vulnerable
waitlisted,waitlist
weekly,week
well,well documented
western,west
worker,work
workforce,work
writer,write
writing,write
written,write
austism,autism
